id,role_standard,year,salary_mean,salary_bound,predicted_salary_vnd
19,Software Engineer,2026,21500000.0,range,24266629.331208188
32,Software Engineer,2026,12500000.0,range,24339466.501248136
156,AI/ML Engineer,2026,22500000.0,range,30102841.12416217
1291,Software Engineer,2026,15000000.0,range,23201738.5319961
1307,Software Engineer,2026,17500000.0,range,20166298.181858707
1337,Software Engineer,2026,17500000.0,range,18647045.6397523
1348,Software Engineer,2026,21500000.0,range,29546008.34716967
1359,Software Engineer,2026,12500000.0,range,19305883.60187266
1363,Software Engineer,2026,12500000.0,range,23549763.55983119
1368,Software Engineer,2026,12500000.0,range,18298833.66081464
1374,Software Engineer,2026,22500000.0,range,19911778.28809527
1381,Software Engineer,2026,21500000.0,range,25095573.773542777
1392,Software Engineer,2026,30000000.0,range,26198455.16973651
1393,Software Engineer,2026,24000000.0,range,37130560.73750208
1394,Software Engineer,2026,15000000.0,range,17080645.66828814
1409,Software Engineer,2026,16000000.0,range,26905921.714263286
1411,Software Engineer,2026,28000000.0,range,27937519.643793568
1424,Software Engineer,2026,30000000.0,range,19448913.188078757
1428,Software Engineer,2026,30000000.0,range,20854222.527061693
1532,Data Analyst,2026,19000000.0,range,15433312.466555197
1541,Data Analyst,2026,11000000.0,range,20037634.489648376
1549,Data Analyst,2026,12500000.0,range,21476046.873064887
1557,Data Analyst,2026,15000000.0,range,17487626.944062993
1571,Data Scientist,2026,20000000.0,range,18216940.4362304
3868,Software Engineer,2026,12500000.0,range,10873948.14183186
3904,Software Engineer,2026,55000000.0,range,17585289.146702565
3906,Software Engineer,2026,40000000.0,exact,26129012.53913737
3943,Software Engineer,2026,50000000.0,exact,25658860.101002075
3950,Software Engineer,2026,13000000.0,exact,17096004.86201187
3992,Software Engineer,2026,30000000.0,range,29087896.215317298
4001,Software Engineer,2026,50000000.0,exact,13675652.424992751
4022,Software Engineer,2026,40000000.0,exact,43167026.88753338
4076,Software Engineer,2026,72500000.0,range,48548739.44867077
4082,Software Engineer,2026,51000000.0,range,35432113.97170282
4110,Software Engineer,2026,22500000.0,range,23561376.87952182
4135,Software Engineer,2026,57375000.0,range,35739036.20168376
4139,Software Engineer,2026,19000000.0,range,43195596.44145381
4140,Software Engineer,2026,28000000.0,range,22116090.937838726
4141,Software Engineer,2026,22000000.0,exact,43195596.44145381
4145,Software Engineer,2026,4000000.0,exact,5102834.704325081
4154,Software Engineer,2026,16000000.0,range,21098468.410320524
4161,Software Engineer,2026,14000000.0,range,10141959.975585893
4173,Software Engineer,2026,35000000.0,exact,13775777.759319402
4175,Software Engineer,2026,20000000.0,exact,15986880.684124693
4176,Software Engineer,2026,20000000.0,exact,14703835.951233968
4190,Software Engineer,2026,38500000.0,range,41466705.66022892
4223,Software Engineer,2026,22500000.0,range,26542119.81784885
4226,Software Engineer,2026,35000000.0,exact,26367224.589524966
4245,Software Engineer,2026,13000000.0,range,13889634.252423247
4281,Software Engineer,2026,12000000.0,range,9363807.865147065
4325,Software Engineer,2026,23500000.0,range,25382786.46933678
4348,Software Engineer,2026,35000000.0,range,27275782.002862725
4354,Software Engineer,2026,40000000.0,exact,25311081.021809474
4358,Software Engineer,2026,40000000.0,exact,21487690.22048683
4377,Software Engineer,2026,47175000.0,range,42583510.62392246
4383,Software Engineer,2026,12500000.0,range,20323865.28478089
4531,Data Engineer,2026,40000000.0,exact,30826518.588462062
4557,Data Engineer,2026,45000000.0,range,25695258.410011254
4583,Data Analyst,2026,31500000.0,range,30886199.552991945
4616,AI/ML Engineer,2026,40000000.0,exact,31205537.858726274
4621,AI/ML Engineer,2026,40000000.0,exact,35512973.96632977
4636,AI/ML Engineer,2026,37500000.0,range,34874977.40302696
4663,AI/ML Engineer,2026,35000000.0,range,30147473.40523019
4668,AI/ML Engineer,2026,55000000.0,range,35849499.74137105
4703,AI/ML Engineer,2026,19000000.0,range,30776880.19348579
4709,AI/ML Engineer,2026,50000000.0,exact,33716117.735536456
4858,Data Analyst,2026,28500000.0,range,30874878.511317432
5589,Data Engineer,2026,12500000.0,range,19268651.3506239
7097,Data Analyst,2026,3500000.0,range,4572342.010718108
7131,Data Analyst,2026,20000000.0,range,10868438.456078973
7802,Software Engineer,2026,3000000.0,exact,12120509.111261927
8015,Software Engineer,2026,8000000.0,exact,12722858.124437409
8020,Software Engineer,2026,5000000.0,exact,7329473.2663787855
8042,Software Engineer,2026,12750000.0,exact,6730587.466367459
8120,Software Engineer,2026,40000000.0,exact,29249857.730605077
8266,Software Engineer,2026,20000000.0,exact,9777057.324272357
8621,Software Engineer,2026,67500000.0,range,34876962.57678226
8644,Software Engineer,2026,45000000.0,range,34069519.783659786
8650,Software Engineer,2026,35000000.0,range,45312196.614312984
8676,Software Engineer,2026,6000000.0,range,7550067.844936888
8712,Software Engineer,2026,9000000.0,range,10419195.780818224
8740,Software Engineer,2026,3000000.0,exact,4006881.4044580343
8761,Software Engineer,2026,4000000.0,range,7286649.099835775
8763,Software Engineer,2026,2000000.0,exact,7996100.694971466
8772,Software Engineer,2026,2000000.0,exact,6594366.475195867
8780,Software Engineer,2026,10000000.0,exact,19700962.000510495
8809,Software Engineer,2026,20000000.0,range,20310229.433420613
9000,Data Analyst,2026,18000000.0,exact,33599748.37007848
10023,Software Engineer,2022,5500000.0,range,4058045.1312890747
10025,Software Engineer,2022,17500000.0,range,11436520.588561866
15828,Software Engineer,2026,11000000.0,range,10470703.764369845
17326,Software Engineer,2026,4500000.0,range,19327117.85683519
18267,Software Engineer,2022,25000000.0,range,26107218.290034406
18548,Software Engineer,2026,8500000.0,range,18917024.52538724
18570,Software Engineer,2026,15500000.0,range,10470021.77248181
18891,Software Engineer,2026,22950000.0,range,15608343.496926045
19276,Software Engineer,2026,22500000.0,range,17544116.330853947
20486,Software Engineer,2022,11000000.0,range,11663616.007214895
24006,Software Engineer,2026,22500000.0,range,17780409.999123275
25733,Software Engineer,2022,10000000.0,range,11535098.242949225
27029,Data Analyst,2022,12500000.0,range,13276705.423509458
27273,Software Engineer,2026,25000000.0,range,16336836.508466708
28520,Software Engineer,2026,9000000.0,range,22727529.645766173
31101,Software Engineer,2026,15000000.0,range,13128840.459773647
31508,Software Engineer,2022,12500000.0,range,12287504.194979051
31674,Software Engineer,2026,25000000.0,range,12030930.489310924
31682,Software Engineer,2026,17500000.0,range,12640392.427560315
32055,Software Engineer,2026,17500000.0,range,14440693.226834582
32057,Software Engineer,2026,17500000.0,range,15247476.616092289
33595,Software Engineer,2026,22500000.0,range,15288661.832362117
34498,Software Engineer,2022,12500000.0,range,14008491.011206424
34674,Software Engineer,2022,5500000.0,range,4058045.1312890747
34692,Software Engineer,2026,18500000.0,range,13517533.909930896
35547,Software Engineer,2022,15000000.0,range,20193251.207323525
35981,Software Engineer,2022,27500000.0,range,11149855.663100816
36054,Software Engineer,2022,32500000.0,range,24541824.115257733
38601,Software Engineer,2026,12500000.0,range,15863758.03548553
40400,Software Engineer,2022,22500000.0,range,14266318.700564621
40838,Software Engineer,2022,17500000.0,range,14656747.868438246
42518,Software Engineer,2022,11500000.0,range,14565408.888732467
43107,Software Engineer,2026,25000000.0,range,15729601.615025451
43109,Software Engineer,2022,12500000.0,range,12746008.740892513
43948,Software Engineer,2022,17500000.0,range,15996090.844620485
44286,Software Engineer,2022,12500000.0,range,11412075.812665537
44396,Software Engineer,2026,32500000.0,range,22836714.096581046
44682,Software Engineer,2026,25000000.0,range,15773616.235518984
44796,Software Engineer,2026,18000000.0,range,12972254.18779037
44811,Software Engineer,2026,8500000.0,range,16535795.58546059
44850,Software Engineer,2022,12500000.0,range,15819223.063676337
45783,Software Engineer,2026,50000000.0,range,30231927.36521289
49681,Software Engineer,2026,1500000.0,range,3905705.686024447
49968,AI/ML Engineer,2026,31500000.0,range,24729473.468366243
50523,Software Engineer,2026,11500000.0,range,14226687.944735996
50789,Software Engineer,2026,21500000.0,range,24102238.722011216
51941,Software Engineer,2026,20000000.0,range,15956549.384963382
53036,Software Engineer,2026,11000000.0,range,17277912.65412253
53625,Software Engineer,2026,30000000.0,range,22062241.18242968
55249,Software Engineer,2025,10000000.0,range,13432601.043200605
57461,Software Engineer,2022,8500000.0,range,21939158.697023712
57469,Software Engineer,2022,8500000.0,range,21246992.007441066
57474,Software Engineer,2022,8500000.0,range,17025163.78662645
57478,Software Engineer,2022,8500000.0,range,24102371.206587054
57481,Software Engineer,2022,8500000.0,range,23140907.129148487
57493,Software Engineer,2022,8500000.0,range,22929236.623332012
57514,Software Engineer,2022,8500000.0,range,14535254.770050403
57526,Software Engineer,2022,8500000.0,range,13555535.620848184
57527,Software Engineer,2022,8500000.0,range,21860648.864310127
57691,Software Engineer,2022,24000000.0,range,22116761.111097537
57702,Software Engineer,2022,24000000.0,range,24297386.205617264
57707,Software Engineer,2022,24000000.0,range,20218550.11055714
57726,Software Engineer,2022,24000000.0,range,17642935.795064054
57736,Software Engineer,2022,24000000.0,range,21825535.535045706
57738,Software Engineer,2022,24000000.0,range,14670406.005963333
57747,Software Engineer,2022,24000000.0,range,22892406.89157895
57755,Software Engineer,2022,24000000.0,range,13954168.003525337
57757,Software Engineer,2022,24000000.0,range,21647057.018275782
58059,Software Engineer,2022,8500000.0,range,20466675.701972388
58067,Software Engineer,2022,8500000.0,range,20584225.296888243
58075,Software Engineer,2022,8500000.0,range,22872734.66535533
58077,Software Engineer,2022,8500000.0,range,22080444.10441946
58080,Software Engineer,2022,8500000.0,range,12583433.123108942
58084,Software Engineer,2022,8500000.0,range,13525709.984457506
58086,Software Engineer,2022,8500000.0,range,17687747.345443018
58092,Software Engineer,2022,8500000.0,range,21369649.487483613
58094,Software Engineer,2022,8500000.0,range,20076875.515871007
59028,Software Engineer,2022,40000000.0,range,26237631.399717316
59221,Software Engineer,2022,17500000.0,range,11190981.304291857
59972,Software Engineer,2022,8500000.0,range,18473260.02474256
61812,Software Engineer,2022,12500000.0,range,19168067.028050005
61832,Software Engineer,2022,12500000.0,range,23194051.621439856
62218,Software Engineer,2022,1500000.0,range,9127438.283112746
62765,Software Engineer,2022,10000000.0,range,15392458.99538827
62918,Software Engineer,2022,13000000.0,range,14082035.115798734
65881,Software Engineer,2022,15000000.0,range,12000981.147023506
68904,Software Engineer,2022,6500000.0,range,13901228.35000977
70970,Software Engineer,2022,35000000.0,range,31655095.93629286
71757,Software Engineer,2022,27500000.0,range,16216212.293167377
73169,Software Engineer,2022,17500000.0,range,21221769.898416083
78362,Software Engineer,2022,18500000.0,range,17899076.926237117
78385,Software Engineer,2022,18500000.0,range,18633191.81445042
79826,Software Engineer,2022,3000000.0,range,7734560.784061351
80301,Software Engineer,2022,25000000.0,range,17811750.051603053
81463,Data Analyst,2022,15500000.0,range,25052915.148312204
82687,Software Engineer,2022,22500000.0,range,15792101.42034929
82875,Software Engineer,2022,4500000.0,range,10975424.599821724
83718,Software Engineer,2022,11000000.0,range,13391352.561106555
85613,Software Engineer,2022,8500000.0,range,18473260.02474256
86744,Software Engineer,2022,20000000.0,range,22527309.02049821
86747,Software Engineer,2022,17500000.0,range,19760905.80380285
87144,Software Engineer,2022,15000000.0,range,12223300.222228808
87496,Software Engineer,2022,11000000.0,range,13759545.904797945
87927,Data Analyst,2022,8500000.0,range,14285730.383849235
88588,Software Engineer,2022,30000000.0,range,9058454.012410197
89359,Software Engineer,2022,25000000.0,range,22741318.0486372
90526,Software Engineer,2022,8500000.0,range,16983206.454646453
90943,Software Engineer,2022,25000000.0,range,20752968.61191239
90962,Software Engineer,2022,25000000.0,range,16512358.39407604
92035,Software Engineer,2022,30000000.0,range,23379263.31005829
93377,Software Engineer,2022,25000000.0,range,28379318.41546682
95779,Software Engineer,2022,14500000.0,range,15679466.901311338
96648,Software Engineer,2022,115000000.0,range,20722279.81826015
98510,Software Engineer,2022,23000000.0,range,18187482.137753807
98526,Software Engineer,2022,23000000.0,range,18100669.886893183
98561,Software Engineer,2022,17500000.0,range,18094599.305826843
98601,Software Engineer,2022,17500000.0,range,18168958.27594843
98616,Software Engineer,2022,32500000.0,range,26510009.394556917
102294,Software Engineer,2022,22500000.0,range,22820232.58928926
104065,Software Engineer,2022,22500000.0,range,20340617.940298483
105276,Data Analyst,2022,10500000.0,range,12441498.850407368
107400,Software Engineer,2022,8500000.0,range,25601413.680323906
108453,Software Engineer,2022,12500000.0,range,17230582.048497677
112787,Data Scientist,2022,12500000.0,range,12240967.129524186
113180,Software Engineer,2022,8500000.0,range,30289144.46777603
113314,Software Engineer,2022,2000000.0,range,28133930.67568305
113780,Software Engineer,2022,14000000.0,range,17092718.96054657
115003,Software Engineer,2022,13500000.0,range,21633488.566071097
116186,Software Engineer,2022,2000000.0,range,4584605.752622714
116197,Software Engineer,2022,1500000.0,range,4976574.306756749
116464,Data Analyst,2022,7500000.0,range,12768837.06394103
116491,Data Analyst,2022,8500000.0,range,14385741.80793003
117090,Software Engineer,2022,12500000.0,range,15150035.521896202
117437,Software Engineer,2022,1500000.0,range,4327716.052826502
119280,Software Engineer,2022,11500000.0,range,14157731.273033347
120056,Software Engineer,2022,27500000.0,range,19109566.313320987
120103,Software Engineer,2022,25000000.0,range,20546557.39567821
120197,Software Engineer,2022,20000000.0,range,16654822.494153485
121267,Software Engineer,2022,28000000.0,range,18004802.063339833
122545,Data Analyst,2022,12500000.0,range,13521491.02978114
122718,Data Analyst,2022,7000000.0,range,13714411.334631795
123717,Software Engineer,2022,12500000.0,range,11565991.280409453
124233,Data Analyst,2022,7000000.0,range,13714411.334631795
125195,Software Engineer,2022,18000000.0,range,20504481.83903641
125487,Software Engineer,2022,13500000.0,range,12455171.961039528
125490,Software Engineer,2022,38000000.0,range,36538422.93484574
128355,Data Analyst,2022,8000000.0,range,14385741.80793003
129068,Software Engineer,2022,25000000.0,range,30800481.581867766
129159,Software Engineer,2022,17500000.0,range,21517023.76099436
129170,Software Engineer,2022,17500000.0,range,21517023.76099436
129223,Data Analyst,2022,7500000.0,range,10189580.74028604
131815,Software Engineer,2022,17500000.0,range,24738522.44091179
132200,Software Engineer,2022,3500000.0,range,6304242.322321207
132439,Software Engineer,2022,2500000.0,range,5677613.762932609
133694,Data Analyst,2022,14000000.0,range,14489285.646826712
134033,Software Engineer,2022,20000000.0,range,17108974.824961927
134270,Software Engineer,2022,14000000.0,range,12850786.487468267
134578,Software Engineer,2022,18000000.0,range,20504481.83903641
135391,Software Engineer,2022,11500000.0,range,11553609.027157702
136514,Software Engineer,2023,22500000.0,range,15006844.563674433
136844,Software Engineer,2022,26000000.0,range,17654358.80348541
137310,Software Engineer,2022,37500000.0,range,21286003.126703247
137755,Software Engineer,2022,15000000.0,range,16234157.158339595
140751,Software Engineer,2022,25000000.0,range,28683800.24161234
141602,Software Engineer,2023,20000000.0,range,23434614.19728003
143494,Software Engineer,2022,16000000.0,range,6344629.466074573
143913,Software Engineer,2022,11000000.0,range,15371873.244971193
144131,Software Engineer,2022,11000000.0,range,16305204.05314773
144508,Software Engineer,2022,18000000.0,range,20242266.05659025
146679,Software Engineer,2022,8500000.0,range,12429183.03966125
146684,Software Engineer,2022,45000000.0,range,32058001.25386323
146757,Software Engineer,2022,11000000.0,range,11977254.151948709
148131,Software Engineer,2022,11000000.0,range,11977254.151948709
151726,Software Engineer,2023,7500000.0,range,13019306.466080522
153113,Data Analyst,2023,20000000.0,range,21198829.840286624
154083,Software Engineer,2023,15000000.0,range,14507645.18934371
154479,Software Engineer,2023,20000000.0,range,21489557.84779796
154705,Software Engineer,2023,27500000.0,range,29386078.657112453
156171,Software Engineer,2023,18000000.0,range,15247064.60690084
157590,Software Engineer,2023,45000000.0,range,16762232.591986887
157697,Software Engineer,2023,47500000.0,range,22126531.838265568
159083,Software Engineer,2023,15000000.0,range,14371475.556267863
160078,Software Engineer,2023,20500000.0,range,17756679.114225164
161452,Software Engineer,2023,20000000.0,range,21489557.84779796
162589,Software Engineer,2023,10500000.0,range,13980467.26388352
162599,Software Engineer,2023,10500000.0,range,14027070.154133365
163510,Software Engineer,2023,16500000.0,range,15798015.619216124
163959,Software Engineer,2023,15000000.0,range,18537649.8979741
165295,Software Engineer,2023,14000000.0,range,16948224.575982183
165329,Software Engineer,2023,25000000.0,range,16948224.575982183
165637,Software Engineer,2023,19000000.0,range,14344738.198332306
166066,Software Engineer,2023,22500000.0,range,19086575.118845858
167632,Software Engineer,2023,15000000.0,range,15310034.828436509
169757,Data Analyst,2023,22000000.0,range,14696660.598680798
171332,Data Analyst,2023,18500000.0,range,15262563.780466482
178329,Data Analyst,2023,10000000.0,range,12766145.486900568
178753,Software Engineer,2023,13500000.0,range,13649003.09429047
179279,Software Engineer,2023,37500000.0,range,22795837.498629544
179821,Software Engineer,2023,25000000.0,range,30028581.44504062
180371,Software Engineer,2023,13500000.0,range,16653535.649878973
182499,Software Engineer,2023,14000000.0,range,16335662.112071255
182673,Software Engineer,2023,11000000.0,range,17930397.458063174
183772,Data Analyst,2023,12500000.0,range,16488149.237972392
185789,Software Engineer,2023,20000000.0,range,22492031.980488133
186327,Software Engineer,2023,12500000.0,range,16911710.864538845
187010,Software Engineer,2023,11500000.0,range,13303052.71238503
187413,Software Engineer,2023,25000000.0,range,13551342.123700043
188545,Software Engineer,2023,25000000.0,range,19854670.27869349
190508,Software Engineer,2023,47500000.0,range,32906907.700356077
193121,Software Engineer,2023,3500000.0,range,4086536.951026264
194085,Software Engineer,2023,13500000.0,range,13649003.09429047
194304,Software Engineer,2023,20000000.0,range,22492031.980488133
197163,Software Engineer,2024,18500000.0,range,22414803.73627934
197168,Software Engineer,2023,20000000.0,range,22492031.980488133
197256,Software Engineer,2023,10000000.0,range,16696689.73908713
199127,Software Engineer,2023,20000000.0,range,21489557.84779796
199260,Software Engineer,2023,21500000.0,range,23275155.26066798
204783,Software Engineer,2023,11500000.0,range,22230543.119647417
204796,Software Engineer,2023,11500000.0,range,14706927.128123404
204797,Software Engineer,2023,18500000.0,range,17996050.658900455
204814,Software Engineer,2023,3500000.0,range,5355721.809559549
205757,Software Engineer,2023,8500000.0,range,14187937.778809175
208688,Software Engineer,2023,21500000.0,range,24639023.169436805
209406,Software Engineer,2023,20000000.0,range,14406213.43707215
212754,Software Engineer,2023,20000000.0,range,12100997.661189483
214038,Software Engineer,2023,17500000.0,range,17364188.225613967
214050,Software Engineer,2023,17500000.0,range,18702368.639486216
214066,Software Engineer,2023,17500000.0,range,18835972.653513256
214262,Software Engineer,2023,22500000.0,range,15780385.636357427
214702,Software Engineer,2023,14500000.0,range,14227914.645381443
216540,Software Engineer,2023,11000000.0,range,14635208.619955389
219375,Software Engineer,2023,18500000.0,range,17996050.658900455
220357,Software Engineer,2025,2250000.0,range,11349844.288035715
220391,Software Engineer,2023,11500000.0,range,18688714.81590487
220867,Software Engineer,2023,27500000.0,range,18846839.823765002
222034,Software Engineer,2023,15500000.0,range,14758399.953316698
222468,Software Engineer,2023,15000000.0,range,15549902.667667503
224508,Software Engineer,2023,12500000.0,range,14458911.519565191
224843,Software Engineer,2023,13500000.0,range,8997588.846310666
225911,Software Engineer,2023,20000000.0,range,12230918.4209466
226829,Software Engineer,2023,17500000.0,range,15438409.251084868
226895,Software Engineer,2023,30000000.0,range,19505186.44480934
227176,Software Engineer,2023,17500000.0,range,30563515.582774166
228790,Data Analyst,2023,15000000.0,range,13893362.799095286
231631,Software Engineer,2023,31000000.0,range,15666406.901364975
232289,Software Engineer,2023,18500000.0,range,17996050.658900455
236727,Software Engineer,2023,9500000.0,range,14776124.014005525
238138,Software Engineer,2023,15000000.0,range,14474057.015557403
238508,Software Engineer,2023,35000000.0,range,21148082.722773843
240066,Data Analyst,2023,17000000.0,range,18864996.8094582
240699,Data Analyst,2023,32500000.0,range,16642654.679144114
242124,Software Engineer,2023,12500000.0,range,20558957.639377326
244640,Data Analyst,2023,32500000.0,range,23654296.648425486
246245,Software Engineer,2023,11000000.0,range,16410231.21457813
248201,Data Analyst,2023,32500000.0,range,23654296.648425486
248226,Data Analyst,2023,32500000.0,range,16642654.679144114
249322,Software Engineer,2023,25000000.0,range,20295098.771839708
252465,Software Engineer,2023,12500000.0,range,20558957.639377326
252832,Software Engineer,2023,27500000.0,range,23913707.127520524
254345,Software Engineer,2023,11000000.0,range,14954303.54725199
256253,Software Engineer,2023,16500000.0,range,17315395.110648025
256692,Software Engineer,2023,17500000.0,range,17568023.35799052
258200,Software Engineer,2023,17500000.0,range,13388505.25669243
258460,Software Engineer,2025,42500000.0,range,26587298.006632157
258556,Software Engineer,2023,5500000.0,range,3899292.5175992423
259132,Software Engineer,2023,3000000.0,range,5285442.761235193
262018,Software Engineer,2023,12500000.0,range,20558957.639377326
262912,Software Engineer,2024,15000000.0,range,20011942.493669555
262973,Software Engineer,2023,15000000.0,range,16898876.127492193
263044,Software Engineer,2023,17500000.0,range,15334737.485645482
264411,Data Analyst,2023,2750000.0,range,3541791.6286207186
265750,Data Scientist,2023,70000000.0,range,33692344.655973025
266174,Software Engineer,2024,12000000.0,range,12662009.58990396
266206,Software Engineer,2023,2000000.0,range,8288025.227193706
267166,Software Engineer,2023,25000000.0,range,29784843.778882258
267208,Software Engineer,2023,9500000.0,range,16958818.238953993
270120,Software Engineer,2023,15000000.0,range,13303052.71238503
270923,Software Engineer,2025,25000000.0,range,28201859.711975787
272127,Software Engineer,2024,17000000.0,range,22253284.552165903
272559,Software Engineer,2023,17500000.0,range,23697927.114701796
272983,Software Engineer,2023,11500000.0,range,15018590.173951909
273944,Software Engineer,2023,12500000.0,range,15693795.416347368
274384,Software Engineer,2023,12500000.0,range,15540292.492582234
274768,Data Engineer,2023,27500000.0,range,26747913.305842876
275152,Software Engineer,2023,20000000.0,range,20060880.790714357
279905,Software Engineer,2024,22500000.0,range,10455539.962052535
280534,Software Engineer,2023,15000000.0,range,21336316.907171562
285247,Software Engineer,2024,25000000.0,range,26633701.492377188
286163,Software Engineer,2024,27500000.0,range,24256062.343771655
288661,Software Engineer,2024,27500000.0,range,17778317.029388763
289988,Software Engineer,2024,72500000.0,range,29649042.14387675
290000,Software Engineer,2024,47500000.0,range,38753048.08825365
290636,Data Analyst,2024,13000000.0,range,14486731.554633293
290694,Software Engineer,2024,15000000.0,range,24427518.398870196
291262,Software Engineer,2024,12000000.0,range,4562585.602986662
292109,Software Engineer,2024,11000000.0,range,15667357.723857831
292389,Software Engineer,2024,16000000.0,range,12925822.883976085
293216,Software Engineer,2025,8500000.0,range,13129971.027348086
296233,Software Engineer,2024,13000000.0,range,8111179.619523236
298206,Software Engineer,2024,22500000.0,range,17648833.925535154
300043,Software Engineer,2024,17500000.0,range,16726982.365549676
301492,Software Engineer,2024,35000000.0,range,23862914.316151705
304090,AI/ML Engineer,2024,20000000.0,range,22392390.369255535
304431,Data Engineer,2024,11500000.0,range,16119894.401523279
307893,Data Scientist,2024,15000000.0,range,18384566.51029943
309489,Software Engineer,2024,15000000.0,range,22353839.918652944
309521,Software Engineer,2024,35000000.0,range,23329780.00950405
311193,Data Scientist,2024,3500000.0,range,4544910.631245207
311454,Software Engineer,2024,21000000.0,range,14800530.267342
312272,Data Analyst,2024,15000000.0,range,12929828.219462207
314966,Software Engineer,2024,27500000.0,range,30399209.317659527
316095,Software Engineer,2024,16000000.0,range,12925822.883976085
316913,Software Engineer,2024,25000000.0,range,21574154.2451557
317365,Software Engineer,2024,15000000.0,range,16835249.76088932
318971,Data Analyst,2024,20000000.0,range,16343066.717826745
321221,Data Analyst,2024,10000000.0,range,14241456.241381254
322445,Software Engineer,2024,1500000.0,range,4929385.622170443
325550,Software Engineer,2024,21000000.0,range,24210306.362049807
326289,Software Engineer,2024,16000000.0,range,25723399.148275737
328019,Software Engineer,2024,22500000.0,range,24110974.337980542
328956,Software Engineer,2024,17000000.0,range,19468041.40159691
329051,Software Engineer,2024,19000000.0,range,14628984.991463784
329697,Software Engineer,2024,13000000.0,range,19776673.34909454
329910,Software Engineer,2024,16000000.0,range,26079784.63306444
332109,Software Engineer,2024,12500000.0,range,12948173.175328132
334980,Software Engineer,2024,15000000.0,range,20821847.746323925
335325,Software Engineer,2024,28500000.0,range,28564584.772409145
335762,Data Analyst,2024,17500000.0,range,15424206.887170015
336450,Software Engineer,2024,18000000.0,range,27783311.90980978
336463,Software Engineer,2024,18500000.0,range,26202522.073751573
339238,Software Engineer,2024,27500000.0,range,23711628.24978742
340714,Software Engineer,2024,17500000.0,range,11401833.077893985
346892,Software Engineer,2024,4500000.0,range,3047488.244673479
346966,Software Engineer,2024,16000000.0,range,17645615.57499718
350983,Software Engineer,2024,8500000.0,range,10529797.32205773
351747,Software Engineer,2024,22500000.0,range,11512714.95443768
351917,Software Engineer,2024,22500000.0,range,15825488.25333858
353983,Software Engineer,2024,40000000.0,range,35883873.00180936
354821,Software Engineer,2024,18500000.0,range,26202522.073751573
355751,Software Engineer,2024,27500000.0,range,31853618.559014652
355880,Software Engineer,2024,13500000.0,range,19759882.903180722
357395,Software Engineer,2024,12500000.0,range,13547487.420551358
358077,Software Engineer,2024,22500000.0,range,14898032.377292085
358631,Software Engineer,2024,15000000.0,range,12804466.31319517
359731,Data Analyst,2024,15000000.0,range,14432524.312775645
360591,Data Engineer,2024,3000000.0,range,3691749.9782461035
362576,Software Engineer,2024,15000000.0,range,12804466.31319517
366485,Data Engineer,2024,27500000.0,range,21866007.404760707
366505,Data Scientist,2024,60000000.0,range,26037558.44274995
366507,Software Engineer,2024,47500000.0,range,29940100.194538917
366538,Software Engineer,2024,35000000.0,range,26352315.37284122
367411,Software Engineer,2024,19000000.0,range,11567576.35793516
368083,Software Engineer,2024,37500000.0,range,27490610.34023631
368472,AI/ML Engineer,2024,9000000.0,range,10194114.508769426
369109,Software Engineer,2024,14500000.0,range,17853210.786384046
370761,Software Engineer,2024,12500000.0,range,24476624.444843374
370764,Software Engineer,2024,20000000.0,range,30227176.631222922
371115,Software Engineer,2024,17500000.0,range,19231819.60629054
372844,Software Engineer,2024,14000000.0,range,24830275.76320741
373596,Data Analyst,2024,12500000.0,range,14567251.063947855
373649,Software Engineer,2024,22500000.0,range,17494733.66073114
374199,Software Engineer,2025,15500000.0,range,20913496.28292486
374471,Software Engineer,2024,14000000.0,range,22534374.916759226
374785,Software Engineer,2024,10000000.0,range,16507621.423381425
375006,Software Engineer,2024,25000000.0,range,22475595.721724335
379041,Software Engineer,2024,14000000.0,range,22534374.916759226
379103,Software Engineer,2024,55000000.0,range,35150022.81523151
379138,Data Analyst,2024,15000000.0,range,16400648.960287398
379148,Software Engineer,2024,14500000.0,range,10852378.418579888
380045,Software Engineer,2024,17000000.0,range,26278953.819683447
380329,Software Engineer,2024,20000000.0,range,23313728.954984587
380755,Software Engineer,2024,37500000.0,range,35654548.27996735
381422,Software Engineer,2024,17500000.0,range,19120977.84559321
383343,Software Engineer,2024,7000000.0,range,5566516.687262257
387091,Software Engineer,2024,17500000.0,range,23487643.173127938
388660,Software Engineer,2024,18500000.0,range,15922534.404058812
388723,Data Analyst,2024,11000000.0,range,14350296.054587448
388811,Software Engineer,2025,45000000.0,range,16430316.66945435
389925,Data Analyst,2024,11000000.0,range,14350296.054587448
390895,Software Engineer,2024,20000000.0,range,21306213.12048512
391181,Software Engineer,2024,17500000.0,range,16834619.41088669
392093,Software Engineer,2024,20000000.0,range,17761321.137494758
392398,Software Engineer,2024,14000000.0,range,14285890.321225837
392798,Software Engineer,2024,42000000.0,range,32988733.913342625
392831,Software Engineer,2024,9000000.0,range,15400874.105371352
393096,Software Engineer,2024,15500000.0,range,15542917.95923858
394849,Software Engineer,2024,15000000.0,range,14669309.394231519
395002,Software Engineer,2024,17500000.0,range,19901469.81160923
396005,Data Analyst,2024,28500000.0,range,31120516.404304132
401163,Data Engineer,2024,20000000.0,range,20249000.103842817
402503,Software Engineer,2024,13000000.0,range,10371346.579078883
402813,Software Engineer,2024,19000000.0,range,14581756.305608865
404815,Data Analyst,2024,14000000.0,range,17047055.397934955
406563,Software Engineer,2024,12500000.0,range,11092086.46522327
408232,Software Engineer,2024,55000000.0,range,28179714.72454162
411886,Data Analyst,2026,40000000.0,range,26970709.411960233
411900,Data Analyst,2026,30000000.0,range,20518405.947990883
411926,Data Analyst,2026,20000000.0,range,10868438.456078973
412025,Data Analyst,2026,4000000.0,range,8854488.636697575
412235,Data Analyst,2026,32500000.0,range,34635331.64223412
412254,Data Analyst,2026,11500000.0,range,15756780.129637964
412463,Software Engineer,2023,11000000.0,range,13389093.271258067
412516,Data Analyst,2023,12500000.0,range,21059641.461252064
412518,Software Engineer,2023,11000000.0,range,13071935.64689927
413045,Software Engineer,2024,18500000.0,range,15924724.346238114
414184,Software Engineer,2025,10500000.0,range,12109919.790609026
415503,Software Engineer,2024,32500000.0,range,33205564.903662875
415580,Software Engineer,2024,22500000.0,range,31174207.31133829
415761,Software Engineer,2024,14000000.0,range,17095145.773737
416483,Software Engineer,2024,19000000.0,range,23079270.304070704
417264,Software Engineer,2024,16000000.0,range,25442906.00635999
417445,Software Engineer,2024,31000000.0,range,30212586.562785115
417886,Data Analyst,2025,12500000.0,range,16349161.379209664
418142,Software Engineer,2024,8500000.0,range,12633644.305734036
418799,Software Engineer,2024,20000000.0,range,18427349.320664585
425332,Software Engineer,2025,22500000.0,range,22771359.902262807
425555,Software Engineer,2025,13500000.0,range,12377878.646724781
428029,Software Engineer,2024,20000000.0,range,9493976.402038522
430795,Software Engineer,2024,14500000.0,range,10852378.418579888
434594,Data Analyst,2024,20000000.0,range,15821266.593127802
435247,Software Engineer,2024,27500000.0,range,20322107.761217766
440519,Software Engineer,2024,10000000.0,range,11461790.49284888
442693,Software Engineer,2025,37500000.0,range,38297752.992927864
445439,Software Engineer,2024,17500000.0,range,20410040.376275383
446905,Software Engineer,2026,22500000.0,range,20182317.516526017
447040,Software Engineer,2024,12500000.0,range,13547487.420551358
448096,Software Engineer,2024,20000000.0,range,16442791.914168157
450815,Software Engineer,2024,8500000.0,range,5650851.950061967
451832,Data Engineer,2025,22500000.0,range,20951096.028378356
452329,Software Engineer,2025,19500000.0,range,14926996.422315458
454019,Software Engineer,2025,18500000.0,range,16947576.965746507
454354,Software Engineer,2025,11000000.0,range,7728114.981703465
455472,Software Engineer,2025,17500000.0,range,18325405.747635417
455860,Software Engineer,2025,13000000.0,range,14193170.65106139
457406,Software Engineer,2025,10000000.0,range,10433415.89663811
457412,Data Engineer,2025,22500000.0,range,20951096.028378356
457911,Software Engineer,2025,10000000.0,range,11614312.883735014
459481,Software Engineer,2025,22500000.0,range,16475775.380027534
460674,Software Engineer,2025,17500000.0,range,22606969.123729803
461082,Data Analyst,2025,22500000.0,range,31104311.1581343
462541,Software Engineer,2025,13500000.0,range,12377878.646724781
463343,Software Engineer,2025,18500000.0,range,18370250.76432554
463368,Software Engineer,2025,18500000.0,range,17445703.63943982
464674,Data Analyst,2025,17000000.0,range,17410560.610603306
467781,Software Engineer,2025,20000000.0,range,15948720.58269848
468093,Software Engineer,2025,6000000.0,range,7529937.880168923
468764,Software Engineer,2025,12500000.0,range,26286536.684291326
469481,Software Engineer,2025,17500000.0,range,13039666.62728441
469895,Software Engineer,2025,17500000.0,range,19629618.053156603
471829,Software Engineer,2025,18500000.0,range,16947576.965746507
472311,Software Engineer,2026,17500000.0,range,20628079.472616598
474323,Software Engineer,2025,13500000.0,range,12377878.646724781
479036,Software Engineer,2025,22500000.0,range,19325591.22824229
479094,Software Engineer,2025,4000000.0,range,12245623.930207482
479164,Software Engineer,2025,15500000.0,range,13293636.642881326
479408,Software Engineer,2025,16000000.0,range,15130853.163102694
484412,AI/ML Engineer,2025,37500000.0,range,38800961.25229568
484451,AI/ML Engineer,2025,22500000.0,range,34391897.2940104
484638,Software Engineer,2025,22500000.0,range,15374223.743436417
491030,Software Engineer,2025,10000000.0,range,9639228.522554573
491442,Data Analyst,2025,15500000.0,range,17258139.582889143
494460,Software Engineer,2025,17500000.0,range,21784604.782558434
495239,Software Engineer,2025,17500000.0,range,20627337.355785888
500985,Data Analyst,2025,2500000.0,range,3824374.7867539013
505056,Software Engineer,2025,30000000.0,range,23219712.853433587
505477,Data Analyst,2025,15500000.0,range,11678742.498199882
505638,Data Analyst,2025,21500000.0,range,17087140.136255607
506774,Software Engineer,2025,22500000.0,range,26079840.02458296
508501,Software Engineer,2025,12500000.0,range,13018824.1080125
513417,Software Engineer,2025,16000000.0,range,10441064.317980226
521340,Software Engineer,2025,11000000.0,range,12527453.983609878
522116,Software Engineer,2025,12000000.0,range,19426753.820036467
522607,Software Engineer,2025,17000000.0,range,22836464.278674934
524018,Software Engineer,2025,12500000.0,range,13449164.977480708
524775,Software Engineer,2025,10000000.0,range,16736034.567675263
524872,Software Engineer,2025,17500000.0,range,24220334.297959294
524874,Software Engineer,2025,17500000.0,range,24220334.297959294
528726,Software Engineer,2025,8500000.0,range,11230212.91016574
532215,Data Analyst,2025,8000000.0,range,7326822.119194508
532252,Data Analyst,2025,11500000.0,range,10224348.045900928
532515,Software Engineer,2025,20000000.0,range,23689378.530510034
532534,Software Engineer,2025,19000000.0,range,17347267.966598514
535300,Software Engineer,2025,20000000.0,range,19145280.891204387
536798,Software Engineer,2025,20000000.0,range,20010535.885735065
536879,Software Engineer,2025,16000000.0,range,10441064.317980226
536966,Software Engineer,2025,17000000.0,range,16395568.058231834
538271,Software Engineer,2025,13500000.0,range,14218285.880744869
540174,Software Engineer,2025,17500000.0,range,22606969.123729803
540493,Software Engineer,2025,16500000.0,range,15814327.393704046
540869,Software Engineer,2025,3000000.0,range,6142988.848290199
541506,Data Analyst,2025,16000000.0,range,17190528.076303843
543162,Software Engineer,2025,22500000.0,range,24672167.2957402
545314,Software Engineer,2025,22500000.0,range,24650101.556828246
545410,Software Engineer,2025,16000000.0,range,17598361.787843227
546860,Software Engineer,2025,12500000.0,range,16841627.848347206
547399,Software Engineer,2025,20000000.0,range,17877698.28300622
550772,Software Engineer,2025,12500000.0,range,15488757.733418848
553695,Software Engineer,2026,18500000.0,range,24716579.404545452
555866,Software Engineer,2025,7500000.0,range,18046989.76048467
558618,Software Engineer,2025,12500000.0,range,16978552.62333614
561365,Software Engineer,2025,22500000.0,range,16575516.051183533
561417,Software Engineer,2025,17500000.0,range,22606969.123729803
563612,Software Engineer,2025,17500000.0,range,14709729.105379
563627,Software Engineer,2025,18000000.0,range,10803198.626353707
564991,Software Engineer,2025,3500000.0,range,10643701.441891218
567951,Software Engineer,2025,12500000.0,range,11626197.593182435
568117,Software Engineer,2025,17000000.0,range,18235643.777750157
570146,Software Engineer,2025,12500000.0,range,15414827.988791998
570622,AI/ML Engineer,2025,6000000.0,range,6885339.567827743
571425,Software Engineer,2025,20000000.0,range,19439625.753611423
571811,Software Engineer,2025,15000000.0,range,17673473.87514872
575074,Software Engineer,2025,150000.0,range,3763841.4126815777
575846,Software Engineer,2025,12000000.0,range,11366446.354229974
576395,Software Engineer,2025,20000000.0,range,16297644.668611595
576553,Software Engineer,2025,4000000.0,range,11354673.36306548
578521,Software Engineer,2025,22500000.0,range,22893116.19837934
581289,Software Engineer,2025,16000000.0,range,14882674.415256178
581911,Software Engineer,2025,15500000.0,range,17416327.04488932
582087,AI/ML Engineer,2025,17500000.0,range,14960655.452795427
582996,Software Engineer,2025,35000000.0,range,27030599.82165485
583619,Software Engineer,2025,3500000.0,range,9923513.461206432
583647,Software Engineer,2025,11500000.0,range,18114774.27468486
585055,Data Analyst,2025,20000000.0,range,16516794.886647351
585285,Software Engineer,2025,22500000.0,range,20549336.13509483
585452,Software Engineer,2025,3500000.0,range,6519743.048897073
586356,Software Engineer,2025,25000000.0,range,25062907.88182964
586561,Software Engineer,2025,15000000.0,range,11409940.834537715
586574,Software Engineer,2025,15000000.0,range,11409940.834537715
587351,Software Engineer,2025,150000.0,range,3763841.4126815777
591398,Software Engineer,2025,22500000.0,range,24650101.556828246
591662,Software Engineer,2025,18500000.0,range,17235106.106461708
595858,Software Engineer,2025,30000000.0,range,14324321.719296273
596006,Software Engineer,2025,2500000.0,range,5718880.478231225
600673,Data Analyst,2026,30000000.0,range,33157724.751282945
600787,Software Engineer,2026,28500000.0,range,26733972.50302862
601367,Software Engineer,2026,12500000.0,range,15918272.646978332
602547,Software Engineer,2026,22500000.0,range,23783508.655472953
603169,Software Engineer,2026,25000000.0,range,21201054.85576853
603852,Data Analyst,2025,12500000.0,range,4706012.516383975
603853,Software Engineer,2025,25000000.0,range,16618142.955995418
603885,Software Engineer,2025,40000000.0,range,21391160.371346235
603895,Software Engineer,2025,25000000.0,range,22021069.78348161
603932,Software Engineer,2025,17500000.0,range,24953234.944408197
603965,Software Engineer,2025,12500000.0,range,12156894.223872304
603975,Software Engineer,2025,17500000.0,range,12896607.94785086
603988,Software Engineer,2025,40000000.0,range,25432925.208936542
604072,Software Engineer,2025,17500000.0,range,27083496.181948125
604096,Software Engineer,2025,4000000.0,range,6205990.384262855
604114,Software Engineer,2025,25000000.0,range,13314171.953073358
604124,Software Engineer,2025,25000000.0,range,22843503.67582543
604159,Software Engineer,2025,17500000.0,range,21531990.745682396
604169,Software Engineer,2025,40000000.0,range,19953816.461990442
604185,Data Analyst,2025,17500000.0,range,16304869.285760393
604232,Software Engineer,2025,17500000.0,range,24145108.050931517
604244,Software Engineer,2025,25000000.0,range,32399600.079049144
604305,Software Engineer,2025,25000000.0,range,15180664.317268394
604336,Software Engineer,2025,25000000.0,range,30345635.343623586
604338,Software Engineer,2025,25000000.0,range,21788941.404995784
604355,Software Engineer,2025,17500000.0,range,21971347.043193907
604382,Software Engineer,2025,40000000.0,range,20465682.6124232
604437,Software Engineer,2025,25000000.0,range,24490867.295071006
604439,AI/ML Engineer,2025,17500000.0,range,28259157.112058703
604449,Software Engineer,2025,17500000.0,range,4431946.5303367255
604461,Software Engineer,2025,25000000.0,range,21916906.458478324
604480,Software Engineer,2025,75000000.0,range,22321671.867807575
604500,Software Engineer,2025,25000000.0,range,20277832.454489034
604503,Software Engineer,2025,40000000.0,range,32432631.85020361
604513,Software Engineer,2025,40000000.0,range,23037258.00499013
604539,Software Engineer,2025,40000000.0,range,22456767.686687578
604571,Software Engineer,2025,25000000.0,range,21564433.565320916
604576,Software Engineer,2025,40000000.0,range,32293207.847412635
604621,Software Engineer,2025,3000000.0,exact,4758822.980322922
604645,Software Engineer,2025,25000000.0,range,21233868.493823458
604652,Software Engineer,2025,17500000.0,range,20990296.099177632
604659,Data Engineer,2025,25000000.0,range,35117236.40341609
604668,Software Engineer,2025,25000000.0,range,21043477.148988005
604669,Software Engineer,2025,25000000.0,range,19311516.294157933
604680,Software Engineer,2025,40000000.0,range,33928865.80397644
604695,Software Engineer,2025,25000000.0,range,24548564.50658911
604805,Data Analyst,2025,17500000.0,range,10312919.238635678
604831,Software Engineer,2025,25000000.0,range,25067298.20070761
604853,Software Engineer,2025,17500000.0,range,17079481.62359024
604872,Software Engineer,2025,25000000.0,range,27192717.140495624
604917,Software Engineer,2025,3000000.0,exact,7352617.710660785
604935,AI/ML Engineer,2025,75000000.0,range,30142178.408683725
604939,Software Engineer,2025,17500000.0,range,17666034.66958022
604968,Software Engineer,2025,4000000.0,range,10181468.724527592
604986,Software Engineer,2025,12500000.0,range,18306780.837921385
604994,Software Engineer,2025,4000000.0,range,6739881.908840782
605001,Software Engineer,2025,40000000.0,range,20065922.54951839
605005,Software Engineer,2025,25000000.0,range,27281942.21340283
605079,Software Engineer,2025,12500000.0,range,7931982.077700691
605126,Software Engineer,2025,25000000.0,range,18295701.01650801
605209,Software Engineer,2025,40000000.0,range,26693495.482971136
605215,Software Engineer,2025,40000000.0,range,16111389.3376839
605239,Software Engineer,2025,17500000.0,range,22898285.637736686
605302,Data Analyst,2025,12500000.0,range,16488330.044934453
605358,Software Engineer,2025,40000000.0,range,23928223.46861272
605404,Software Engineer,2025,25000000.0,range,19052153.11904966
605428,Software Engineer,2025,25000000.0,range,19124524.474549547
605451,Software Engineer,2025,25000000.0,range,16031592.937348688
605477,Software Engineer,2025,40000000.0,range,34525393.540555075
605517,Data Analyst,2025,25000000.0,range,26507917.866452027
605530,AI/ML Engineer,2025,40000000.0,range,27648400.46182161
605536,Software Engineer,2025,25000000.0,range,16348051.290718015
605562,Software Engineer,2025,40000000.0,range,18656162.885957044
605567,Software Engineer,2025,12500000.0,range,13035277.779832814
605608,Software Engineer,2025,25000000.0,range,18951025.884068567
605614,Software Engineer,2025,25000000.0,range,20936539.109454993
605659,Software Engineer,2025,17500000.0,range,24909300.270820662
605720,Software Engineer,2025,25000000.0,range,20654707.751701828
605724,Software Engineer,2025,17500000.0,range,13931535.40556552
605743,AI/ML Engineer,2025,25000000.0,range,27895616.900616143
605776,Software Engineer,2025,17500000.0,range,19849887.956889905
605833,Software Engineer,2025,25000000.0,range,23406493.042398054
605838,Software Engineer,2025,40000000.0,range,28409077.24653081
605856,Software Engineer,2025,25000000.0,range,23313407.734839745
605904,Software Engineer,2025,12500000.0,range,21324861.444077246
605911,Software Engineer,2025,12500000.0,range,16148346.084964564
605917,Software Engineer,2025,17500000.0,range,18574021.11211973
605924,Software Engineer,2025,25000000.0,range,19502106.64333975
605935,AI/ML Engineer,2025,17500000.0,range,24979008.29278345
605957,Software Engineer,2025,25000000.0,range,21228566.523502354
605981,Software Engineer,2025,12500000.0,range,19367803.87224971
606003,Software Engineer,2025,40000000.0,range,31931299.80593302
606058,Software Engineer,2025,25000000.0,range,18753287.157134853
606098,Software Engineer,2025,12500000.0,range,19877606.718002364
606123,Software Engineer,2025,17500000.0,range,17574782.826182503
606148,Data Scientist,2025,12500000.0,range,16066319.749936739
606182,Software Engineer,2025,25000000.0,range,16653794.140874643
606183,Software Engineer,2025,25000000.0,range,18049150.374833196
606193,Software Engineer,2025,25000000.0,range,28905670.409254767
606196,Software Engineer,2025,4000000.0,range,6444552.180046791
606238,Software Engineer,2025,17500000.0,range,20214893.746728048
606271,Software Engineer,2025,17500000.0,range,22804544.431680307
606278,Software Engineer,2025,17500000.0,range,16432416.052873924
606301,Software Engineer,2025,25000000.0,range,22047826.3631791
606315,Data Analyst,2025,12500000.0,range,19788107.60207213
606348,Software Engineer,2025,75000000.0,range,16138221.361886654
606370,Software Engineer,2025,25000000.0,range,31755125.025890056
606374,Software Engineer,2025,17500000.0,range,16853863.954978745
606418,Software Engineer,2025,25000000.0,range,12077664.410383685
606448,Data Engineer,2025,40000000.0,range,23733319.119294528
606452,Software Engineer,2025,17500000.0,range,11812683.023564544
606528,Software Engineer,2025,12500000.0,range,20995980.316841498
606533,Software Engineer,2025,40000000.0,range,17683792.34115849
606536,Software Engineer,2025,17500000.0,range,21396611.208451338
606543,Software Engineer,2025,17500000.0,range,20054995.446549285
606616,AI/ML Engineer,2025,40000000.0,range,33915507.7896547
606640,Software Engineer,2025,75000000.0,range,32761932.817351073
606643,Software Engineer,2025,40000000.0,range,34830477.197136
606706,Software Engineer,2025,17500000.0,range,20968942.24558792
606825,Software Engineer,2025,25000000.0,range,18059532.346535414
606866,Software Engineer,2025,12500000.0,range,15213820.225527396
